#"Step","Time (ps)","Potential Energy (kJ/mole)","Kinetic Energy (kJ/mole)","Total Energy (kJ/mole)","Temperature (K)","Box Volume (nm^3)","Density (g/mL)","Speed (ns/day)"
1000,4.000000000000003,-3286546.778039871,12310.19382023926,-3274236.5842196317,7.274932139951543,2176.962612036023,0.9293969592428458,0
2000,7.999999999999562,-3284295.778039871,20675.2512155056,-3263620.5268243654,12.218414410499554,2176.962612036023,0.9293969592428458,136
3000,11.999999999999122,-3278198.778039871,30854.667245602475,-3247344.110794268,18.23412479854691,2176.962612036023,0.9293969592428458,104
4000,15.999999999998682,-3271365.778039871,40827.79249438358,-3230537.985545487,24.127923910696857,2176.962612036023,0.9293969592428458,113
5000,20.000000000000018,-3264697.778039871,51055.78901234233,-3213641.9890275286,30.1723438184871,2176.962612036023,0.9293969592428458,118
6000,24.000000000001354,-3258130.778039871,61466.473029223416,-3196664.3050106475,36.32472621467394,2176.962612036023,0.9293969592428458,121
7000,28.00000000000269,-3251915.778039871,71399.38888874646,-3180516.3891511243,42.194762859513226,2176.962612036023,0.9293969592428458,124
8000,32.00000000000402,-3246059.778039871,81961.87368280007,-3164097.9043570706,48.43685467610792,2176.962612036023,0.9293969592428458,123
9000,36.000000000001805,-3240020.778039871,91533.84907491699,-3148486.928964954,54.0935870102852,2176.962612036023,0.9293969592428458,125
10000,39.99999999999959,-3233403.778039871,102140.2809020495,-3131263.4971378213,60.36165012254508,2176.962612036023,0.9293969592428458,125
11000,43.99999999999737,-3227277.778039871,111993.02593502324,-3115284.7521048477,66.18430836447156,2176.962612036023,0.9293969592428458,126
12000,47.999999999995154,-3219792.778039871,122194.11527426922,-3097598.6627656016,72.21282698735342,2176.962612036023,0.9293969592428458,128
13000,51.99999999999294,-3213372.778039871,132440.85647989466,-3080931.921559976,78.26832440803673,2176.962612036023,0.9293969592428458,127
14000,55.99999999999072,-3206751.778039871,142454.90424797562,-3064296.8737918953,84.18630742461983,2176.962612036023,0.9293969592428458,128
15000,59.9999999999885,-3199669.778039871,152241.24015366595,-3047428.5378862047,89.96971998922271,2176.962612036023,0.9293969592428458,128
16000,63.99999999998629,-3191417.778039871,162597.30660812097,-3028820.47143175,96.08982514704097,2176.962612036023,0.9293969592428458,128
17000,67.99999999999118,-3184323.778039871,173577.47147847828,-3010746.3065613927,102.57875257448717,2176.962612036023,0.9293969592428458,129
18000,71.99999999999606,-3175687.778039871,182492.63988340276,-2993195.138156468,107.8473329160439,2176.962612036023,0.9293969592428458,128
19000,76.00000000000095,-3167378.778039871,193534.9421204682,-2973843.8359194025,114.37298154648315,2176.962612036023,0.9293969592428458,129
20000,80.00000000000584,-3158514.778039871,202697.59973400203,-2955817.178305869,119.78782012119972,2176.962612036023,0.9293969592428458,130
21000,84.00000000001073,-3149947.778039871,213783.7732682472,-2936164.0047716238,126.33939528980198,2176.962612036023,0.9293969592428458,129
22000,88.00000000001562,-3141267.778039871,223690.58159475075,-2917577.19644512,132.19400321484758,2176.962612036023,0.9293969592428458,129
23000,92.0000000000205,-3131302.778039871,233680.3342256164,-2897622.4438142544,138.09762857978416,2176.962612036023,0.9293969592428458,129
24000,96.0000000000254,-3123147.778039871,244288.4138770156,-2878859.3641628553,144.36666550365854,2176.962612036023,0.9293969592428458,129
25000,100.00000000003028,-3111944.778039871,254547.1123375899,-2857397.665702281,150.42922928085932,2176.962612036023,0.9293969592428458,130
26000,104.00000000003517,-3100455.778039871,264464.65934656607,-2835991.1186933047,156.29018342493296,2176.962612036023,0.9293969592428458,129
27000,108.00000000004006,-3090322.778039871,275552.4420302701,-2814770.3360096007,162.84270954957108,2176.962612036023,0.9293969592428458,129
28000,112.00000000004495,-3078572.778039871,285301.2728540955,-2793271.5051857755,168.60395780632837,2176.962612036023,0.9293969592428458,130
29000,116.00000000004984,-3066791.778039871,295097.8789872726,-2771693.899052598,174.39343974799542,2176.962612036023,0.9293969592428458,129
30000,120.00000000005473,-3055128.778039871,305458.51719765464,-2749670.260842216,180.51624666783425,2176.962612036023,0.9293969592428458,129
31000,124.00000000005961,-3040675.778039871,314969.45856794436,-2725706.3194719264,186.13690984067216,2176.962612036023,0.9293969592428458,129
32000,128.0000000000645,-3024945.778039871,325276.0850132246,-2699669.693026646,192.2277975290503,2176.962612036023,0.9293969592428458,129
33000,132.00000000005517,-3008523.778039871,336008.87586997426,-2672514.9021698963,198.5705347999106,2176.962612036023,0.9293969592428458,130
34000,136.00000000004584,-2990259.778039871,344476.1663614495,-2645783.6116784215,203.5744335714689,2176.962612036023,0.9293969592428458,129
35000,140.00000000003652,-2967724.778039871,355452.25249585963,-2612272.525544011,210.06095059598675,2176.962612036023,0.9293969592428458,129
36000,144.0000000000272,-2945697.778039871,364751.8596909299,-2580945.918348941,215.5567220078967,2176.962612036023,0.9293969592428458,129
37000,148.00000000001788,-2916003.778039871,376090.7401580663,-2539913.0378818046,222.2576389183858,2176.962612036023,0.9293969592428458,129
38000,152.00000000000855,-2889088.778039871,384461.6492990524,-2504627.1287408182,227.20457938412008,2176.962612036023,0.9293969592428458,129
39000,155.99999999999923,-2859205.778039871,395473.21587752714,-2463732.5621623434,233.71206422008223,2176.962612036023,0.9293969592428458,129
40000,159.9999999999899,-2834227.778039871,404921.5261775139,-2429306.251862357,239.29571442684014,2176.962612036023,0.9293969592428458,129
41000,163.9999999999806,-2811820.778039871,416885.6093409605,-2394935.16869891,246.36610620147746,2176.962612036023,0.9293969592428458,129
42000,167.99999999997127,-2783583.778039871,425906.474295171,-2357677.3037447,251.69714983440971,2176.962612036023,0.9293969592428458,129
43000,171.99999999996194,-2761143.778039871,436533.8205577226,-2324609.957482148,257.97757271132,2176.962612036023,0.9293969592428458,129
44000,175.99999999995262,-2737615.778039871,447237.43829184317,-2290378.3397480277,264.3030695966482,2176.962612036023,0.9293969592428458,129
45000,179.9999999999433,-2717403.778039871,457854.9085264408,-2259548.86951343,270.57765605585246,2176.962612036023,0.9293969592428458,129
46000,183.99999999993398,-2696245.778039871,467913.7347587431,-2228332.0432811277,276.5221017174027,2176.962612036023,0.9293969592428458,129
47000,187.99999999992465,-2673253.778039871,478985.121761848,-2194268.6562780226,283.06493851744614,2176.962612036023,0.9293969592428458,129
48000,191.99999999991533,-2652255.778039871,488463.2243752345,-2163792.5536646363,288.666195031744,2176.962612036023,0.9293969592428458,128
49000,195.999999999906,-2634543.778039871,499690.8209485031,-2134852.957091368,295.3013467083156,2176.962612036023,0.9293969592428458,129
50000,199.9999999998967,-2613334.778039871,508525.4438975212,-2104809.3341423497,300.52232725295136,2176.962612036023,0.9293969592428458,128
51000,203.99999999988736,-2611869.778039871,509799.60939383856,-2102070.168646032,301.27531844514016,2176.962612036023,0.9293969592428458,128
52000,207.99999999987804,-2612968.7309100386,509045.57855106815,-2103923.1523589706,300.82971025304437,2176.962612036023,0.9293969592428458,111
53000,211.99999999986872,-2613536.237672331,511422.69387382973,-2102113.543798501,302.2345096343098,2176.962612036023,0.9293969592428458,110
54000,215.9999999998594,-2607417.3010325897,509206.04225821956,-2098211.25877437,300.92453918892454,2176.962612036023,0.9293969592428458,109
55000,219.99999999985008,-2611789.319588933,508722.59043072443,-2103066.7291582087,300.63883456970234,2176.962612036023,0.9293969592428458,109
56000,223.99999999984075,-2609708.4293198027,508623.5145402113,-2101084.9147795914,300.5802838766171,2176.962612036023,0.9293969592428458,108
57000,227.99999999983143,-2611992.442672128,510305.8741547976,-2101686.56851733,301.57450478083945,2176.962612036023,0.9293969592428458,107
58000,231.9999999998221,-2612942.252688093,506651.7949509283,-2106290.4577371646,299.41506045117734,2176.962612036023,0.9293969592428458,106
59000,235.9999999998128,-2612943.5341621637,509343.62312275113,-2103599.9110394125,301.0058450942448,2176.962612036023,0.9293969592428458,106
60000,239.99999999980346,-2613898.7174120992,509863.0219005155,-2104035.6955115837,301.31279321520753,2176.962612036023,0.9293969592428458,105
61000,243.99999999979414,-2610867.9715894368,509002.0724077618,-2101865.899181675,300.8039995091807,2176.962612036023,0.9293969592428458,105
62000,247.99999999978482,-2609939.042989293,509639.70955682726,-2100299.333432466,301.1808227385385,2176.962612036023,0.9293969592428458,104
63000,251.9999999997755,-2611004.995749131,510463.873099425,-2100541.122649706,301.6678771206363,2176.962612036023,0.9293969592428458,104
64000,255.99999999976617,-2610551.5091043804,508477.19888359384,-2102074.3102207864,300.49381598761005,2176.962612036023,0.9293969592428458,103
65000,259.99999999978525,-2611259.6157790385,507750.62079622876,-2103508.9949828098,300.0644314988568,2176.962612036023,0.9293969592428458,103
66000,263.99999999980434,-2609798.629383981,506815.38912485936,-2102983.240259122,299.51173939313543,2176.962612036023,0.9293969592428458,102
67000,267.99999999982344,-2611512.402645603,507440.86641966423,-2104071.5362259387,299.88137653624074,2176.962612036023,0.9293969592428458,102
68000,271.99999999984254,-2609838.125386821,507927.41811842314,-2101910.707268398,300.1689130805663,2176.962612036023,0.9293969592428458,101
69000,275.99999999986164,-2610654.994376654,510077.96927423234,-2100577.0251024216,301.4398202612708,2176.962612036023,0.9293969592428458,101
70000,279.99999999988074,-2611144.847148638,510783.38034885726,-2100361.4667997807,301.8566957202282,2176.962612036023,0.9293969592428458,101
71000,283.99999999989984,-2610737.660752751,510960.53744647285,-2099777.123306278,301.9613899177432,2176.962612036023,0.9293969592428458,100
72000,287.99999999991894,-2612147.28801365,512409.2605735676,-2099738.0274400823,302.8175391054079,2176.962612036023,0.9293969592428458,99.9
73000,291.99999999993804,-2609796.5027385503,509308.75043021026,-2100487.75230834,300.985236444578,2176.962612036023,0.9293969592428458,99.6
74000,295.99999999995714,-2610339.9798489176,512028.2745958449,-2098311.7052530725,302.5923885371326,2176.962612036023,0.9293969592428458,99.3
75000,299.99999999997624,-2611952.9316545464,510201.0318426469,-2101751.8998118993,301.5125463163807,2176.962612036023,0.9293969592428458,99.1
76000,303.99999999999534,-2613924.112500198,511490.7745110072,-2102433.337989191,302.27474312069864,2176.962612036023,0.9293969592428458,98.7
77000,308.00000000001444,-2611756.5236184336,511149.57348318514,-2100606.9501352487,302.0731041896035,2176.962612036023,0.9293969592428458,98.4
78000,312.00000000003354,-2611625.24657356,508511.23203531385,-2103114.014538246,300.5139284954135,2176.962612036023,0.9293969592428458,98.2
79000,316.00000000005264,-2613748.1594566256,510115.54086178564,-2103632.61859484,301.4620238718582,2176.962612036023,0.9293969592428458,97.8
80000,320.00000000007174,-2612467.739749238,508743.93249971396,-2103723.8072495237,300.65144705216136,2176.962612036023,0.9293969592428458,97.5
81000,324.00000000009084,-2613017.4529747516,509093.07534652494,-2103924.3776282268,300.8577793451204,2176.962612036023,0.9293969592428458,97.3
82000,328.00000000010994,-2611218.3831843734,509442.95013475255,-2101775.433049621,301.0645441921247,2176.962612036023,0.9293969592428458,97
83000,332.00000000012903,-2611410.727901567,509863.3898161586,-2101547.3380854083,301.31301064162477,2176.962612036023,0.9293969592428458,96.9
84000,336.00000000014813,-2610980.4157915562,510919.96905237704,-2100060.446739179,301.93741529001727,2176.962612036023,0.9293969592428458,96.5
85000,340.00000000016723,-2613532.6525329556,509336.0738749562,-2104196.5786579996,301.0013837294428,2176.962612036023,0.9293969592428458,96.3
86000,344.00000000018633,-2612772.9794315025,509849.74739010655,-2102923.232041396,301.3049484027029,2176.962612036023,0.9293969592428458,96.2
87000,348.00000000020543,-2612348.405844109,509188.0427600295,-2103160.3630840797,300.913902059258,2176.962612036023,0.9293969592428458,95.9
88000,352.00000000022453,-2612702.099818697,510301.6372934791,-2102400.4625252183,301.5720009308572,2176.962612036023,0.9293969592428458,95.7
89000,356.00000000024363,-2612533.889195645,510156.89226434607,-2102376.996931299,301.486461232627,2176.962612036023,0.9293969592428458,95.5
90000,360.00000000026273,-2613607.9849186316,508387.1850854963,-2105220.799833135,300.44062070227324,2176.962612036023,0.9293969592428458,95.2
91000,364.00000000028183,-2612418.898449678,509452.3504905552,-2102966.547959123,301.07009950275216,2176.962612036023,0.9293969592428458,95.1
92000,368.00000000030093,-2609569.446481336,509259.9259894149,-2100309.520491921,300.95638275642784,2176.962612036023,0.9293969592428458,94.8
93000,372.00000000032003,-2611858.5338483937,508387.4273998805,-2103471.1064485135,300.44076390235006,2176.962612036023,0.9293969592428458,94.7
94000,376.0000000003391,-2611327.06931982,509255.9266011033,-2102071.1427187165,300.9540192454227,2176.962612036023,0.9293969592428458,94.6
95000,380.0000000003582,-2610374.6037646327,508093.83433485136,-2102280.7694297815,300.26725975968293,2176.962612036023,0.9293969592428458,94.3
96000,384.0000000003773,-2612581.801388046,507706.01180835726,-2104875.7895796886,300.0380690090101,2176.962612036023,0.9293969592428458,94.1
97000,388.0000000003964,-2614448.7292395364,510161.5788950467,-2104287.1503444896,301.489230881977,2176.962612036023,0.9293969592428458,94
98000,392.0000000004155,-2612185.3941616807,510313.92729150323,-2101871.4668701775,301.57926392792547,2176.962612036023,0.9293969592428458,93.8
99000,396.0000000004346,-2612120.453536926,510581.61860563117,-2101538.8349312944,301.7374609614712,2176.962612036023,0.9293969592428458,93.7
100000,400.0000000004537,-2610998.4151990693,508098.8412848436,-2102899.5739142257,300.27021870752355,2176.962612036023,0.9293969592428458,93.5
101000,404.0000000004728,-2610884.947321281,510480.911216431,-2100404.03610485,301.67794610466865,2176.962612036023,0.9293969592428458,93.3
102000,408.0000000004919,-2613064.7408701554,508727.36194771045,-2104337.378922445,300.6416543841411,2176.962612036023,0.9293969592428458,93.3
103000,412.000000000511,-2610972.3088961504,507126.07386650995,-2103846.2350296406,299.69534417186037,2176.962612036023,0.9293969592428458,93
104000,416.0000000005301,-2611610.0065412167,508129.5962023034,-2103480.410338913,300.2883938833784,2176.962612036023,0.9293969592428458,92.9
105000,420.0000000005492,-2614487.7620675713,507778.7569965442,-2106709.005071027,300.08105909635526,2176.962612036023,0.9293969592428458,92.8
106000,424.0000000005683,-2613268.9019101523,511097.30909223645,-2102171.5928179156,302.0422176005668,2176.962612036023,0.9293969592428458,92.6
107000,428.0000000005874,-2613597.1913299393,510001.46639070177,-2103595.7249392373,301.3946094957603,2176.962612036023,0.9293969592428458,92.6
108000,432.0000000006065,-2613539.594459098,511958.2337153483,-2101581.3607437494,302.5509966094281,2176.962612036023,0.9293969592428458,92.3
109000,436.0000000006256,-2615409.9497836977,510470.1799166632,-2104939.7698670346,301.67160424858383,2176.962612036023,0.9293969592428458,92.2
110000,440.0000000006447,-2614403.6146259718,508671.5616646319,-2105732.0529613397,300.6086781955681,2176.962612036023,0.9293969592428458,92.2
111000,444.0000000006638,-2612931.877889786,508968.6134258053,-2103963.2644639807,300.78422631740483,2176.962612036023,0.9293969592428458,92
112000,448.0000000006829,-2610999.1856343728,509407.9771254716,-2101591.2085089013,301.04387625846226,2176.962612036023,0.9293969592428458,91.8
113000,452.000000000702,-2613881.8543875776,510239.9079536411,-2103641.9464339367,301.53552085873787,2176.962612036023,0.9293969592428458,91.7
114000,456.0000000007211,-2612980.093191918,509181.05944421596,-2103799.033747702,300.909775142217,2176.962612036023,0.9293969592428458,91.6
115000,460.0000000007402,-2614938.269610608,511410.9018658106,-2103527.3677447974,302.22754093346026,2176.962612036023,0.9293969592428458,91.6
116000,464.0000000007593,-2615815.5356354583,508126.8260170052,-2107688.709618453,300.2867567921714,2176.962612036023,0.9293969592428458,91.4
117000,468.0000000007784,-2618844.831019493,509294.1310288771,-2109550.6999906157,300.9765968444077,2176.962612036023,0.9293969592428458,91.3
118000,472.0000000007975,-2619446.0700501446,509599.71750430693,-2109846.352545838,301.15718871031186,2176.962612036023,0.9293969592428458,91.2
119000,476.0000000008166,-2616092.048347434,509649.9389872889,-2106442.109360145,301.1868680058613,2176.962612036023,0.9293969592428458,91.1
120000,480.0000000008357,-2618259.722767273,507518.48306248995,-2110741.239704783,299.92724549799175,2176.962612036023,0.9293969592428458,91
121000,484.0000000008548,-2617781.538872406,508793.6330915563,-2108987.9057808495,300.6808185176516,2176.962612036023,0.9293969592428458,90.8
122000,488.0000000008739,-2617821.2669715118,508393.28887545597,-2109427.978096056,300.44422784757097,2176.962612036023,0.9293969592428458,90.7
123000,492.000000000893,-2617823.1848170143,510075.14066776895,-2107748.044149245,301.43814864501746,2176.962612036023,0.9293969592428458,90.7
124000,496.0000000009121,-2613102.561881993,509659.24541268,-2103443.316469313,301.1923678066097,2176.962612036023,0.9293969592428458,90.5
125000,500.0000000009312,-2616893.044365406,507534.7674966309,-2109358.276868775,299.93686907947574,2176.962612036023,0.9293969592428458,90.4
126000,504.0000000009503,-2617644.754284028,509579.3908539631,-2108065.363430065,301.1451763079043,2176.962612036023,0.9293969592428458,90.4
127000,508.0000000009694,-2620813.077441491,508234.15040830325,-2112578.927033188,300.3501820862858,2176.962612036023,0.9293969592428458,90.3
128000,512.0000000009885,-2621168.1044396777,508334.47808336886,-2112833.626356309,300.40947254413885,2176.962612036023,0.9293969592428458,90.2
129000,516.0000000010076,-2618574.2687913273,510782.0708894834,-2107792.197901844,301.85592187147944,2176.962612036023,0.9293969592428458,90.1
130000,520.0000000010267,-2620399.624501994,508739.4554103904,-2111660.1690916037,300.6488012350857,2176.962612036023,0.9293969592428458,90
131000,524.0000000010458,-2615129.5549457837,509232.06011564896,-2105897.494830135,300.939914913303,2176.962612036023,0.9293969592428458,90
132000,528.0000000010649,-2619103.8737119585,511211.5921590548,-2107892.281552904,302.1097552500945,2176.962612036023,0.9293969592428458,89.8
133000,532.000000001084,-2615841.349706866,507939.3311754166,-2107902.018531449,300.175953317501,2176.962612036023,0.9293969592428458,89.7
134000,536.0000000011031,-2619118.6628035493,509093.76118122926,-2110024.90162232,300.8581846515685,2176.962612036023,0.9293969592428458,89.7
135000,540.0000000011222,-2619150.534717044,510596.75825055153,-2108553.7764664926,301.74640800901784,2176.962612036023,0.9293969592428458,89.6
136000,544.0000000011413,-2618445.1133485865,511556.21913532354,-2106888.894213263,302.3134188075138,2176.962612036023,0.9293969592428458,89.5
137000,548.0000000011604,-2616503.9834727272,510289.25691706873,-2106214.7265556585,301.56468452304364,2176.962612036023,0.9293969592428458,89.4
138000,552.0000000011795,-2616992.666466806,509048.24714237,-2107944.419324436,300.831287305438,2176.962612036023,0.9293969592428458,89.3
139000,556.0000000011986,-2616322.5353305154,508014.0393414195,-2108308.495989096,300.2201034621623,2176.962612036023,0.9293969592428458,89.3
140000,560.0000000012177,-2617755.6612915285,509392.6483656355,-2108363.012925893,301.0348174500287,2176.962612036023,0.9293969592428458,89.2
141000,564.0000000012368,-2617164.38419074,510089.0682243843,-2107075.3159663556,301.44637938701317,2176.962612036023,0.9293969592428458,89.1
142000,568.0000000012559,-2616234.2986754477,509812.53828091227,-2106421.7603945355,301.28295900527104,2176.962612036023,0.9293969592428458,89.1
143000,572.000000001275,-2617974.893198218,507827.6697078909,-2110147.223490327,300.1099649495875,2176.962612036023,0.9293969592428458,89
144000,576.0000000012941,-2618794.5143689234,509762.24761596526,-2109032.2667529583,301.2532388253855,2176.962612036023,0.9293969592428458,88.9
145000,580.0000000013132,-2619164.2553803027,509515.26058725105,-2109648.994793052,301.1072773645359,2176.962612036023,0.9293969592428458,88.8
146000,584.0000000013323,-2616036.7688528616,508501.0570031667,-2107535.711849695,300.5079153757605,2176.962612036023,0.9293969592428458,88.8
147000,588.0000000013514,-2617262.548995344,509129.93273381115,-2108132.616261533,300.8795608861162,2176.962612036023,0.9293969592428458,88.7
148000,592.0000000013705,-2618218.696718799,507542.0823170131,-2110676.6144017857,299.9411919051496,2176.962612036023,0.9293969592428458,88.6
149000,596.0000000013896,-2620759.9545323886,509107.11145609524,-2111652.8430762934,300.8660742384522,2176.962612036023,0.9293969592428458,88.6
150000,600.0000000014087,-2619257.581171112,509105.7734155429,-2110151.807755569,300.865283499138,2176.962612036023,0.9293969592428458,88.5
151000,604.0000000014278,-2620042.025089452,509168.76706914767,-2110873.258020304,300.9025107403914,2176.962612036023,0.9293969592428458,88.4
152000,608.0000000014469,-2619450.472925078,508016.6681527404,-2111433.804772338,300.2216570058552,2176.962612036023,0.9293969592428458,88.4
153000,612.000000001466,-2616028.933860965,509157.5468822524,-2106871.386978713,300.8958799675983,2176.962612036023,0.9293969592428458,88.3
154000,616.0000000014851,-2615558.9632453546,508560.1318153325,-2106998.831430022,300.54282670664304,2176.962612036023,0.9293969592428458,88.2
155000,620.0000000015042,-2620585.6493978556,509156.63126357674,-2111429.0181342787,300.8953388661479,2176.962612036023,0.9293969592428458,88.2
156000,624.0000000015233,-2619701.8074525185,508181.06880219834,-2111520.73865032,300.31881254914197,2176.962612036023,0.9293969592428458,88.1
157000,628.0000000015424,-2616429.615307022,507595.7081746131,-2108833.9071324086,299.9728830775782,2176.962612036023,0.9293969592428458,88.1
158000,632.0000000015615,-2618223.0877067335,508671.656548475,-2109551.4311582586,300.60873426889475,2176.962612036023,0.9293969592428458,88.1
159000,636.0000000015806,-2619577.8710478954,508862.19289240625,-2110715.6781554893,300.7213351744967,2176.962612036023,0.9293969592428458,88
160000,640.0000000015997,-2615731.0582697876,509166.315665042,-2106564.7426047456,300.90106203870755,2176.962612036023,0.9293969592428458,87.9
161000,644.0000000016188,-2617281.0359035693,509614.1846615274,-2107666.851242042,301.16573833906455,2176.962612036023,0.9293969592428458,87.8
162000,648.0000000016379,-2615342.031852724,510101.43630669644,-2105240.5955460276,301.4536885294066,2176.962612036023,0.9293969592428458,87.8
163000,652.000000001657,-2619188.2408495788,508423.86078559665,-2110764.380063982,300.46229487193386,2176.962612036023,0.9293969592428458,87.8
164000,656.0000000016761,-2616986.8777084276,510416.1199617693,-2106570.7577466583,301.6396565384921,2176.962612036023,0.9293969592428458,87.7
165000,660.0000000016952,-2619427.505278364,509063.01917427767,-2110364.486104086,300.84001710541247,2176.962612036023,0.9293969592428458,87.6
166000,664.0000000017143,-2617239.1118233074,509265.76641766407,-2107973.3454056433,300.95983426334976,2176.962612036023,0.9293969592428458,87.6
167000,668.0000000017334,-2620355.601901712,508228.0372381958,-2112127.5646635164,300.3465693976197,2176.962612036023,0.9293969592428458,87.5
168000,672.0000000017525,-2618750.816466376,508436.69706205593,-2110314.11940432,300.46988070214377,2176.962612036023,0.9293969592428458,87.4
169000,676.0000000017716,-2617717.104964683,508249.41231107217,-2109467.692653611,300.35920138432385,2176.962612036023,0.9293969592428458,87.4
170000,680.0000000017907,-2617330.5159065183,507323.39697575476,-2110007.1189307636,299.81195583942326,2176.962612036023,0.9293969592428458,87.3
171000,684.0000000018098,-2618904.486923123,510834.8526420312,-2108069.6342810914,301.8871142047294,2176.962612036023,0.9293969592428458,87.3
172000,688.0000000018289,-2614283.1045370866,510234.21467030613,-2104048.8898667805,301.53215630976973,2176.962612036023,0.9293969592428458,87.2
173000,692.000000001848,-2615469.1988361124,508335.2304835701,-2107133.9683525423,300.4099171886738,2176.962612036023,0.9293969592428458,87.2
174000,696.0000000018671,-2618296.987090869,509279.9532235401,-2109017.033867329,300.9682182133946,2176.962612036023,0.9293969592428458,87.2
175000,700.0000000018862,-2616027.0935765672,510141.01566497056,-2105886.0779115967,301.477078668489,2176.962612036023,0.9293969592428458,87.1
176000,704.0000000019053,-2615187.8573440444,509990.8410307675,-2105197.0163132767,301.38833024674005,2176.962612036023,0.9293969592428458,87
177000,708.0000000019244,-2621915.115765007,508959.36154601,-2112955.7542189974,300.77875875136476,2176.962612036023,0.9293969592428458,87
178000,712.0000000019435,-2619397.615125604,509889.6431961093,-2109507.9719294948,301.3285255523056,2176.962612036023,0.9293969592428458,86.9
179000,716.0000000019626,-2619698.4333484434,510203.7099151888,-2109494.7234332548,301.51412897188493,2176.962612036023,0.9293969592428458,86.9
180000,720.0000000019817,-2615891.7759233136,508265.5262577196,-2107626.2496655937,300.36872421313376,2176.962612036023,0.9293969592428458,86.9
181000,724.0000000020008,-2617997.8464184217,509168.31201483356,-2108829.534403588,300.90224181779735,2176.962612036023,0.9293969592428458,86.8
182000,728.0000000020199,-2622261.630426785,509308.8741174122,-2112952.756309373,300.9853095397716,2176.962612036023,0.9293969592428458,86.8
183000,732.000000002039,-2618795.766082663,509585.39668179717,-2109210.369400866,301.14872556070856,2176.962612036023,0.9293969592428458,86.7
184000,736.0000000020581,-2616179.692651432,508883.0217925695,-2107296.6708588623,300.7336443905375,2176.962612036023,0.9293969592428458,86.7
185000,740.0000000020772,-2617569.103788575,506100.2910205151,-2111468.8127680602,299.089139208404,2176.962612036023,0.9293969592428458,86.6
186000,744.0000000020963,-2618402.640947597,509769.21881301503,-2108633.422134582,301.25735858062353,2176.962612036023,0.9293969592428458,86.6
187000,748.0000000021154,-2622065.568193041,508335.7287546865,-2113729.839438354,300.4102116510204,2176.962612036023,0.9293969592428458,86.6
188000,752.0000000021345,-2617540.1643455364,509480.03722939437,-2108060.127116142,301.08646148284544,2176.962612036023,0.9293969592428458,86.5
189000,756.0000000021536,-2616276.1214061156,510056.06791930296,-2106220.053486813,301.4268772586495,2176.962612036023,0.9293969592428458,86.5
190000,760.0000000021727,-2618493.9248234965,509406.01507492014,-2109087.9097485766,301.0427167491299,2176.962612036023,0.9293969592428458,86.5
191000,764.0000000021918,-2618782.301360972,509238.30193214025,-2109543.999428832,300.94360362788115,2176.962612036023,0.9293969592428458,86.4
192000,768.0000000022109,-2617230.9507158417,511061.60038396873,-2106169.350331873,302.0211148922548,2176.962612036023,0.9293969592428458,86.3
193000,772.00000000223,-2618311.9113420397,509733.6183021985,-2108578.293039841,301.2363198135561,2176.962612036023,0.9293969592428458,86.3
194000,776.0000000022491,-2620012.8539763987,508217.1501376559,-2111795.703838743,300.3401354682451,2176.962612036023,0.9293969592428458,86.3
195000,780.0000000022682,-2616174.1866789814,507585.03065782465,-2108589.156021157,299.96657300551976,2176.962612036023,0.9293969592428458,86.3
196000,784.0000000022873,-2620464.7966017127,507580.85168746347,-2112883.9449142492,299.96410336724796,2176.962612036023,0.9293969592428458,86.2
197000,788.0000000023064,-2619991.911315227,508747.2637486218,-2111244.6475666054,300.65341571407686,2176.962612036023,0.9293969592428458,86.1
198000,792.0000000023255,-2618152.9724295046,509028.64423644234,-2109124.3281930625,300.81970261290985,2176.962612036023,0.9293969592428458,86.1
199000,796.0000000023446,-2616304.7329089306,510309.1084192596,-2105995.624489671,301.576416128039,2176.962612036023,0.9293969592428458,86.1
200000,800.0000000023637,-2616348.2536290195,509353.6892946903,-2106994.564334329,301.01179388098495,2176.962612036023,0.9293969592428458,86
201000,804.0000000023828,-2618045.935886955,508963.20767975436,-2109082.7282072008,300.7810316938058,2176.962612036023,0.9293969592428458,86
202000,808.0000000024019,-2618146.5082035437,508314.94726556574,-2109831.560937978,300.39793045339434,2176.962612036023,0.9293969592428458,86
203000,812.000000002421,-2617849.541211916,509522.37058952264,-2108327.1706223935,301.1114791492354,2176.962612036023,0.9293969592428458,86
204000,816.0000000024401,-2615004.7886163592,511370.77212996903,-2103634.01648639,302.20382553877965,2176.962612036023,0.9293969592428458,85.9
205000,820.0000000024592,-2616187.4284599423,507272.0050559332,-2108915.423404009,299.7815848530113,2176.962612036023,0.9293969592428458,85.8
206000,824.0000000024783,-2615838.608640887,508631.52846800286,-2107207.080172884,300.5850198524847,2176.962612036023,0.9293969592428458,85.8
207000,828.0000000024974,-2620437.066433659,508634.3084446284,-2111802.7579890303,300.586662730054,2176.962612036023,0.9293969592428458,85.8
208000,832.0000000025165,-2618211.72932533,508193.9059209206,-2110017.8234044095,300.3263988771024,2176.962612036023,0.9293969592428458,85.8
209000,836.0000000025356,-2618680.195202714,508969.4931192599,-2109710.702083454,300.7847461881948,2176.962612036023,0.9293969592428458,85.7
210000,840.0000000025547,-2617147.1920067016,507551.4158468469,-2109595.7761598546,299.9467077237597,2176.962612036023,0.9293969592428458,85.7
211000,844.0000000025738,-2618459.8916251604,509437.1462510399,-2109022.7453741203,301.0611142818589,2176.962612036023,0.9293969592428458,85.7
212000,848.0000000025929,-2619207.3315033056,508991.7074805704,-2110215.6240227353,300.7978741676098,2176.962612036023,0.9293969592428458,85.6
213000,852.000000002612,-2617924.768204784,507136.64934259537,-2110788.1188621884,299.7015939411161,2176.962612036023,0.9293969592428458,85.6
214000,856.000000002631,-2617652.1545060575,509405.7795116508,-2108246.3749944065,301.0425775387467,2176.962612036023,0.9293969592428458,85.6
215000,860.0000000026502,-2616814.080896875,508705.09446208057,-2108108.9864347945,300.6284950099468,2176.962612036023,0.9293969592428458,85.5
216000,864.0000000026693,-2618190.4163166247,509324.69867045194,-2108865.7176461727,300.9946613461842,2176.962612036023,0.9293969592428458,85.5
217000,868.0000000026884,-2618588.1010762937,510744.51803709986,-2107843.583039194,301.8337293327801,2176.962612036023,0.9293969592428458,85.5
218000,872.0000000027075,-2619602.083581414,511812.5299506848,-2107789.553630729,302.4648903290608,2176.962612036023,0.9293969592428458,85.4
219000,876.0000000027266,-2617227.4084132668,509951.2223315452,-2107276.1860817214,301.36491685841133,2176.962612036023,0.9293969592428458,85.4
220000,880.0000000027457,-2616302.314934112,509316.00171022885,-2106986.3132238835,300.98952171992244,2176.962612036023,0.9293969592428458,85.4
221000,884.0000000027648,-2617234.448550733,509129.72121729836,-2108104.7273334344,300.87943588659965,2176.962612036023,0.9293969592428458,85.3
222000,888.0000000027838,-2618792.089007899,509470.6916712258,-2109321.3973366735,301.080938555873,2176.962612036023,0.9293969592428458,85.3
223000,892.000000002803,-2614638.9283914994,510560.9820995005,-2104077.946291999,301.7252654441707,2176.962612036023,0.9293969592428458,85.3
224000,896.000000002822,-2614589.344093021,510640.8341313222,-2103948.5099616987,301.7724554495617,2176.962612036023,0.9293969592428458,85.3
225000,900.0000000028411,-2619522.617412159,509733.7164798936,-2109788.9009322654,301.23637783344435,2176.962612036023,0.9293969592428458,85.2
226000,904.0000000028602,-2616821.733820267,510473.9202480966,-2106347.81357217,301.6738146652317,2176.962612036023,0.9293969592428458,85.2
227000,908.0000000028793,-2618305.669752484,509895.2019975719,-2108410.467754912,301.33181062677403,2176.962612036023,0.9293969592428458,85.2
228000,912.0000000028984,-2619580.2511797734,510240.7091453065,-2109339.5420344668,301.5359943374728,2176.962612036023,0.9293969592428458,85.2
229000,916.0000000029175,-2616196.589911323,509166.7956201959,-2107029.794291127,300.90134567690416,2176.962612036023,0.9293969592428458,85.1
230000,920.0000000029366,-2619646.7182531822,509197.2778825553,-2110449.4403706267,300.91935972228595,2176.962612036023,0.9293969592428458,85.1
231000,924.0000000029557,-2620129.7062561773,510469.2439620686,-2109660.4622941087,301.6710511292535,2176.962612036023,0.9293969592428458,85.1
232000,928.0000000029748,-2617310.4366391506,508527.7199496778,-2108782.716689473,300.52367232722304,2176.962612036023,0.9293969592428458,85
233000,932.0000000029939,-2620440.053251667,507682.1632867496,-2112757.889964917,300.02397529295104,2176.962612036023,0.9293969592428458,85
234000,936.000000003013,-2621401.729670601,509244.69506512093,-2112157.03460548,300.94738176568103,2176.962612036023,0.9293969592428458,85
235000,940.0000000030321,-2616791.4090339523,510465.73021196167,-2106325.6788219907,301.66897461494693,2176.962612036023,0.9293969592428458,85
236000,944.0000000030512,-2620613.392818013,509950.4335701644,-2110662.959247849,301.36445072557837,2176.962612036023,0.9293969592428458,84.9
237000,948.0000000030703,-2619073.133652741,508475.7847115737,-2110597.3489411674,300.4929802570252,2176.962612036023,0.9293969592428458,84.9
238000,952.0000000030894,-2620250.3289089296,509027.3658676198,-2111222.9630413097,300.8189471376859,2176.962612036023,0.9293969592428458,84.9
239000,956.0000000031085,-2618089.473489279,507738.04000491585,-2110351.433484363,300.0569966522244,2176.962612036023,0.9293969592428458,84.9
240000,960.0000000031276,-2620375.1780892108,507828.8982479197,-2112546.2798412913,300.11069097758275,2176.962612036023,0.9293969592428458,84.9
241000,964.0000000031467,-2618309.1638447195,510382.86258857895,-2107926.3012561407,301.62000249107047,2176.962612036023,0.9293969592428458,84.8
242000,968.0000000031658,-2618599.4524757545,509442.5501179611,-2109156.9023577934,301.06430779495213,2176.962612036023,0.9293969592428458,84.8
243000,972.0000000031849,-2618361.3680481724,509641.9780572574,-2108719.389990915,301.18216334998056,2176.962612036023,0.9293969592428458,84.8
244000,976.000000003204,-2619972.1959122233,509361.8757362602,-2110610.320175963,301.0166318069964,2176.962612036023,0.9293969592428458,84.8
245000,980.0000000032231,-2618420.067872949,509738.4114030833,-2108681.6564698657,301.23915238339106,2176.962612036023,0.9293969592428458,84.7
246000,984.0000000032422,-2618504.690061219,506082.9841394587,-2112421.7059217603,299.07891139338517,2176.962612036023,0.9293969592428458,84.7
247000,988.0000000032613,-2617403.1663964447,508753.3601606334,-2108649.806235811,300.6570184992425,2176.962612036023,0.9293969592428458,84.7
248000,992.0000000032804,-2620301.8804032393,510338.4537412328,-2109963.4266620064,301.59375827789444,2176.962612036023,0.9293969592428458,84.7
249000,996.0000000032995,-2617978.805225782,507224.83182901394,-2110753.9733967683,299.7537069796267,2176.962612036023,0.9293969592428458,84.6
250000,1000.0000000033186,-2620487.858543217,509895.6979688951,-2110592.160574322,301.3321037300161,2176.962612036023,0.9293969592428458,84.6
251000,1004.0000000033377,-2614608.289009962,508680.35199990886,-2105927.9370100535,300.61387300351026,2176.962612036023,0.9293969592428458,84.6
252000,1008.0000000033568,-2618588.7640066836,508307.96041693195,-2110280.8035897515,300.3938014485692,2176.962612036023,0.9293969592428458,84.6
253000,1012.0000000033759,-2618482.8752748333,511694.89902336407,-2106787.976251469,302.3953742006948,2176.962612036023,0.9293969592428458,84.5
254000,1016.000000003395,-2617506.9804132413,509914.1674078141,-2107592.8130054274,301.34301857967336,2176.962612036023,0.9293969592428458,84.5
255000,1020.0000000034141,-2619314.5370979477,509386.497715767,-2109928.0393821807,301.03118261201854,2176.962612036023,0.9293969592428458,84.5
256000,1024.0000000034331,-2618798.0885154195,510829.2906121479,-2107968.7979032714,301.8838272223673,2176.962612036023,0.9293969592428458,84.5
257000,1028.0000000033385,-2619149.3087408487,509717.9945682249,-2109431.3141726237,301.2270866848101,2176.962612036023,0.9293969592428458,84.4
258000,1032.000000003244,-2618025.5659978017,508981.1758622335,-2109044.390135568,300.7916503168854,2176.962612036023,0.9293969592428458,84.4
259000,1036.0000000031494,-2618753.8062425815,508583.056871713,-2110170.7493708683,300.55637468418985,2176.962612036023,0.9293969592428458,84.4
260000,1040.0000000030548,-2617494.1176104546,511221.6495968711,-2106272.4680135837,302.1156988752465,2176.962612036023,0.9293969592428458,84.4
261000,1044.0000000029602,-2620649.9506383557,509235.4836913738,-2111414.466946982,300.94193813742424,2176.962612036023,0.9293969592428458,84.4
262000,1048.0000000028656,-2619481.617079174,508521.10889605014,-2110960.508183124,300.5197654052674,2176.962612036023,0.9293969592428458,84.4
263000,1052.000000002771,-2617849.9617842324,508386.0220654467,-2109463.9397187857,300.4399333944971,2176.962612036023,0.9293969592428458,84.3
264000,1056.0000000026764,-2620795.3489900436,507469.6409684224,-2113325.708021621,299.89838137732045,2176.962612036023,0.9293969592428458,84.3
265000,1060.0000000025818,-2619020.1426510867,509281.73830259196,-2109738.4043484945,300.96927313821186,2176.962612036023,0.9293969592428458,84.3
266000,1064.0000000024872,-2620750.6067984793,509565.6469044067,-2111184.9598940727,301.1370540718276,2176.962612036023,0.9293969592428458,84.3
267000,1068.0000000023927,-2620790.2243251055,507999.94820601953,-2112790.276119086,300.21177605031914,2176.962612036023,0.9293969592428458,84.3
268000,1072.000000002298,-2618347.3040566444,510522.33808671695,-2107824.9659699276,301.7024280644576,2176.962612036023,0.9293969592428458,84.2
269000,1076.0000000022035,-2619305.504876202,508290.6729505542,-2111014.831925648,300.3835851070065,2176.962612036023,0.9293969592428458,84.2
270000,1080.000000002109,-2619281.5633493047,510260.4938591888,-2109021.069490116,301.54768647270674,2176.962612036023,0.9293969592428458,84.2
271000,1084.0000000020143,-2616251.7123504113,507170.51185509143,-2109081.20049532,299.7216056065776,2176.962612036023,0.9293969592428458,84.1
272000,1088.0000000019197,-2618613.1233584117,509062.809766087,-2109550.313592325,300.839893351847,2176.962612036023,0.9293969592428458,84.1
273000,1092.0000000018251,-2619659.4795508366,509854.13690728124,-2109805.3426435553,301.30754246743,2176.962612036023,0.9293969592428458,84.1
274000,1096.0000000017305,-2617641.657706868,508734.9270827202,-2108906.7306241477,300.64612513778064,2176.962612036023,0.9293969592428458,84.1
275000,1100.000000001636,-2616612.132253565,509082.5603739129,-2107529.571879652,300.8515653314888,2176.962612036023,0.9293969592428458,84.1
276000,1104.0000000015414,-2618257.8422717825,508672.86188398325,-2109584.9803877994,300.60944658375803,2176.962612036023,0.9293969592428458,84
277000,1108.0000000014468,-2617628.5717678554,509420.9876028609,-2108207.584164995,301.0515650358688,2176.962612036023,0.9293969592428458,84
278000,1112.0000000013522,-2616580.7020033877,508978.8525559465,-2107601.8494474413,300.790277316929,2176.962612036023,0.9293969592428458,84
279000,1116.0000000012576,-2618817.7563813515,510447.26042946836,-2108370.495951883,301.6580595622483,2176.962612036023,0.9293969592428458,84
280000,1120.000000001163,-2618820.195408931,507004.4194912336,-2111815.775917697,299.62345031400673,2176.962612036023,0.9293969592428458,84
281000,1124.0000000010684,-2617992.1926994845,509194.8168176488,-2108797.375881836,300.9179053113767,2176.962612036023,0.9293969592428458,84
282000,1128.0000000009738,-2616523.0600673147,508488.883411481,-2108034.1766558336,300.5007211711276,2176.962612036023,0.9293969592428458,83.9
283000,1132.0000000008793,-2618005.766823178,508709.93807049165,-2109295.8287526863,300.6313574281197,2176.962612036023,0.9293969592428458,83.9
284000,1136.0000000007847,-2617714.1266650558,508380.8910415712,-2109333.2356234845,300.43690112294655,2176.962612036023,0.9293969592428458,83.9
285000,1140.00000000069,-2618810.7193570808,509903.57169629965,-2108907.147660781,301.3367568519241,2176.962612036023,0.9293969592428458,83.9
286000,1144.0000000005955,-2618918.9514264874,509328.19473282644,-2109590.756693661,300.9967274076048,2176.962612036023,0.9293969592428458,83.9
287000,1148.000000000501,-2618737.2248931006,509133.51271687646,-2109603.712176224,300.8816765419899,2176.962612036023,0.9293969592428458,83.8
288000,1152.0000000004063,-2618129.7879206575,508967.5849897565,-2109162.202930901,300.7836185444831,2176.962612036023,0.9293969592428458,83.8
289000,1156.0000000003117,-2620848.2487786096,507395.13548418094,-2113453.1132944287,299.8543510111194,2176.962612036023,0.9293969592428458,83.8
290000,1160.0000000002171,-2618788.497411795,509461.4420370155,-2109327.0553747793,301.0754723169021,2176.962612036023,0.9293969592428458,83.8
291000,1164.0000000001226,-2617165.9196156226,508740.71472295007,-2108425.2048926726,300.64954544866583,2176.962612036023,0.9293969592428458,83.8
292000,1168.000000000028,-2617569.277650291,509476.51599462586,-2108092.761655665,301.08438054534247,2176.962612036023,0.9293969592428458,83.8
293000,1171.9999999999334,-2618444.5407636203,507126.7599434254,-2111317.7808201946,299.69574962144765,2176.962612036023,0.9293969592428458,83.7
294000,1175.9999999998388,-2616798.677947847,509362.2806798128,-2107436.3972680345,301.0168711157277,2176.962612036023,0.9293969592428458,83.7
295000,1179.9999999997442,-2617165.627683576,508317.4542880503,-2108848.1733955257,300.39941202376724,2176.962612036023,0.9293969592428458,83.7
296000,1183.9999999996496,-2620562.229732463,508256.3541807256,-2112305.8755517374,300.3633038080054,2176.962612036023,0.9293969592428458,83.7
297000,1187.999999999555,-2616951.9638098646,509174.6062375317,-2107777.357572333,300.9059615027732,2176.962612036023,0.9293969592428458,83.7
298000,1191.9999999994604,-2617663.459878642,508301.22547745454,-2109362.2344011874,300.38982131402537,2176.962612036023,0.9293969592428458,83.6
299000,1195.9999999993659,-2616867.5408165623,507788.2846659552,-2109079.256150607,300.08668964526686,2176.962612036023,0.9293969592428458,83.7
300000,1199.9999999992713,-2618036.0605080444,510691.737333595,-2107344.3231744496,301.80253761948103,2176.962612036023,0.9293969592428458,83.6
301000,1203.9999999991767,-2616176.346464962,508779.77033035824,-2107396.5761346035,300.67262606768196,2176.962612036023,0.9293969592428458,83.6
302000,1207.999999999082,-2618234.6237596963,507455.0430671049,-2110779.580692591,299.88975448297407,2176.962612036023,0.9293969592428458,83.6
303000,1211.9999999989875,-2616444.667479867,508677.3176127933,-2107767.349867074,300.6120797774511,2176.962612036023,0.9293969592428458,83.6
304000,1215.999999998893,-2617139.708503546,509416.9765132652,-2107722.731990281,301.0491946097779,2176.962612036023,0.9293969592428458,83.6
305000,1219.9999999987983,-2617202.754903529,511031.3795103679,-2106171.375393161,302.00325531929707,2176.962612036023,0.9293969592428458,83.5
306000,1223.9999999987037,-2616881.87710822,508934.23240706866,-2107947.644701151,300.7639082312833,2176.962612036023,0.9293969592428458,83.5
307000,1227.9999999986092,-2617533.109309662,508477.29263263254,-2109055.8166770297,300.49387139030347,2176.962612036023,0.9293969592428458,83.5
308000,1231.9999999985146,-2616572.1886408627,509292.3911989261,-2107279.7974419366,300.9755686603666,2176.962612036023,0.9293969592428458,83.5
309000,1235.99999999842,-2618334.0436265282,510608.90487816784,-2107725.1387483603,301.7535862787452,2176.962612036023,0.9293969592428458,83.5
310000,1239.9999999983254,-2617800.842134781,509595.3861464992,-2108205.455988282,301.1546290159167,2176.962612036023,0.9293969592428458,83.5
311000,1243.9999999982308,-2616728.060455311,508900.17879097984,-2107827.881664331,300.7437836296903,2176.962612036023,0.9293969592428458,83.4
312000,1247.9999999981362,-2614751.118366178,510477.22597015055,-2104273.8923960277,301.6757682415903,2176.962612036023,0.9293969592428458,83.4
313000,1251.9999999980416,-2620077.5091212764,509255.67147817527,-2110821.8376431013,300.95386847590476,2176.962612036023,0.9293969592428458,83.4
314000,1255.999999997947,-2620107.0277896207,509130.89897765935,-2110976.1288119615,300.8801319054299,2176.962612036023,0.9293969592428458,83.4
315000,1259.9999999978525,-2621740.0278393626,510039.58790472726,-2111700.4399346355,301.417138095363,2176.962612036023,0.9293969592428458,83.4
316000,1263.9999999977579,-2618468.72194146,510588.0621609157,-2107880.659780544,301.74126889724533,2176.962612036023,0.9293969592428458,83.4
317000,1267.9999999976633,-2615699.1156863514,509448.001576864,-2106251.1141094873,301.0675294333895,2176.962612036023,0.9293969592428458,83.4
318000,1271.9999999975687,-2618101.736019712,509378.3668814641,-2108723.369138248,301.02637754812935,2176.962612036023,0.9293969592428458,83.4
